owner,repo
21st-dev,magic-mcp
Adfin-Engineering,mcp-server-adfin
Aiven-Open,mcp-aiven
Arize-ai,phoenix
AudienseCo,mcp-audiense-insights
Azure,azure-mcp
ChronulusAI,chronulus-mcp
CircleCI-Public,mcp-server-circleci
ClickHouse,mcp-clickhouse
CodeLogicIncEngineering,codelogic-mcp-server
Couchbase-Ecosystem,mcp-server-couchbase
EduBase,MCP
Fewsats,fewsats-mcp
Fibery-inc,fibery-mcp-server
GibsonAI,mcp
GreptimeTeam,greptimedb
GreptimeTeam,greptimedb-mcp-server
IBM,wxflows
JetBrains,mcp-jetbrains
Klavis-AI,klavis
MindscapeHQ,mcp-server-raygun
OctagonAI,octagon-mcp-server
PaddleHQ,paddle-mcp-server
StarRocks,mcp-server-starrocks
Unstructured-IO,UNS-MCP
Verodat,verodat-mcp-server
VeyraX,veyrax-mcp
XeroAPI,xero-mcp-server
agentrpc,agentrpc
ahnlabio,bicscan-mcp
aliyun,alibabacloud-adb-mysql-mcp-server
aliyun,alibabacloud-hologres-mcp-server
apache,iotdb
apache,iotdb-mcp-server
apify,actors-mcp-server
apimatic,apimatic-validator-mcp
atlanhq,agent-toolkit
awslabs,mcp
axiomhq,mcp-server-axiom
bankless,onchain-mcp
bitrise-io,bitrise-mcp
box-community,mcp-server-box
browserbase,mcp-server-browserbase
chargebee,agentkit
chroma-core,chroma-mcp
cloudflare,mcp-server-cloudflare
codacy,codacy-mcp-server
comet-ml,opik
comet-ml,opik-mcp
datastax,astra-db-mcp
devhub,devhub-cms-mcp
e2b-dev,mcp-server
elastic,mcp-server-elasticsearch
elie222,inbox-zero
esignaturescom,mcp-server-esignatures
exa-labs,exa-mcp-server
fatwang2,search1api-mcp
financial-datasets,mcp-server
fireproof-storage,mcp-database-server
googleapis,genai-toolbox
gotohuman,gotohuman-mcp-server
grafana,mcp-grafana
graphlit,graphlit-mcp-server
heroku,heroku-mcp-server
hyperbrowserai,mcp
inkeep,mcp-server-python
integration-app,mcp-server
integromat,make-mcp-server
its-dart,dart-mcp-server
jamsocket,forevervm
kagisearch,kagimcp
keboola,keboola-mcp-server
langfuse,mcp-server-langfuse
lingodotdev,lingo.dev
mailgun,mailgun-mcp-server
makenotion,notion-mcp-server
meilisearch,meilisearch-mcp
mendableai,firecrawl-mcp-server
metoro-io,metoro-mcp-server
modelcontextprotocol,python-sdk
modelcontextprotocol,typescript-sdk
momentohq,mcp-momento
motherduckdb,mcp-server-motherduck
needle-ai,needle-mcp
neo4j-contrib,mcp-neo4j
neondatabase,mcp-server-neon
nota,gyazo-mcp-server
oceanbase,mcp-oceanbase
opslevel,opslevel-mcp
oschina,mcp-gitee
oxylabs,oxylabs-mcp
pinecone-io,assistant-mcp
pinecone-io,pinecone-mcp
ppl-ai,modelcontextprotocol
pydantic,logfire-mcp
qdrant,mcp-server-qdrant
ramp-public,ramp-mcp
redis,mcp-redis
redis,mcp-redis-cloud
rember,rember-mcp
riza-io,riza-mcp
screenshotone,mcp
semgrep,mcp
singlestore-labs,mcp-server-singlestore
stripe,agent-toolkit
tavily-ai,tavily-mcp
thirdweb-dev,ai
tinybirdco,mcp-tinybird
tinyfish-io,agentql-mcp
translated,lara-mcp
unifai-network,unifai-mcp-server
vectorize-io,vectorize-mcp-server
zenml-io,mcp-zenml
zilliztech,mcp-server-milvus
