server_name,server_url,github_url,owner,repo,github_stars,download_count,experimental_ai_generated_description
FireCrawl,https://www.pulsemcp.com/servers/vrknetha-firecrawl,https://github.com/mendableai/firecrawl-mcp-server,mendableai,firecrawl-mcp-server,2868,267678,"This MCP server, developed by vrknetha, integrates with FireCrawl to provide advanced web scraping capabilities. It implements tools for extracting content from JavaScript-heavy websites, supporting mobile and desktop views, handling rate limits, and outputting multiple formats including HTML, Markdown, screenshots, and raw text. The server exposes functions for single URL scraping, batch processing, and job status checking. By leveraging FireCrawl's infrastructure, this implementation enables AI assistants to easily incorporate web data into their responses. It is particularly useful for scenarios requiring structured data extraction from complex web pages, such as market research, content aggregation, or generating reports from online sources."
AWS Bedrock Knowledge Base Retrieval,https://www.pulsemcp.com/servers/aws-bedrock-kb-retrieval,https://github.com/awslabs/mcp/tree/HEAD/src/bedrock-kb-retrieval-mcp-server,awslabs,mcp,2647,11207,"An MCP server implementation that enables retrieval from Amazon Bedrock Knowledge Bases, allowing AI applications to access information stored in knowledge bases through the Model Context Protocol."
AWS Cloud Development Kit,https://www.pulsemcp.com/servers/aws-cdk,https://github.com/awslabs/mcp/tree/HEAD/src/cdk-mcp-server,awslabs,mcp,2647,11357,"An MCP server implementation for AWS services, allowing AI applications to access AWS services like Bedrock, S3, and DynamoDB through the Model Context Protocol."
AWS Cost Analysis,https://www.pulsemcp.com/servers/aws-cost-analysis,https://github.com/awslabs/mcp/tree/HEAD/src/cost-analysis-mcp-server,awslabs,mcp,2647,14638,An MCP server that analyzes the cost of LLM API calls by tracking tokens used and calculating costs based on model pricing. It provides detailed cost breakdowns and usage statistics for better budget management and optimization of AI applications.
AWS Documentation,https://www.pulsemcp.com/servers/aws-documentation,https://github.com/awslabs/mcp/tree/HEAD/src/aws-documentation-mcp-server,awslabs,mcp,2647,30562,An MCP server that provides access to AWS documentation. This server allows Claude to search and retrieve information from AWS documentation to help answer questions about AWS services and features.
AWS Nova Canvas,https://www.pulsemcp.com/servers/aws-nova-canvas,https://github.com/awslabs/mcp/tree/HEAD/src/nova-canvas-mcp-server,awslabs,mcp,2647,9643,"An MCP server implementation for AWS Nova Canvas, a service that enables developers to build AI applications with Claude. This server allows Claude to access and manipulate data in Nova Canvas workspaces."
Lingo.dev (Translation),https://www.pulsemcp.com/servers/lingo-translation,https://github.com/lingodotdev/lingo.dev,lingodotdev,lingo.dev,1691,106109,"Lingo.dev MCP server enables AI assistants to translate content across multiple languages through the Model Context Protocol. Built by the Lingo.dev team, it provides a 'translate' tool that leverages advanced language models to handle app localization, website content, and other text data. The implementation can be run via npx command with an API key from the Lingo.dev platform, making it accessible from various AI tools including Cursor, Claude desktop, and Cline for VS Code. This integration is particularly valuable for developers and content creators who need to translate materials without leaving their AI assistant workflow."
Magic (21st.dev),https://www.pulsemcp.com/servers/21st-dev-magic,https://github.com/21st-dev/magic-mcp,21st-dev,magic-mcp,1619,,"This MCP server implementation provides a bridge to the 21st.dev/magic API, enabling AI assistants to interact with frontend development tasks. Developed by sergeibynas, it offers tools for working with frontend code directly from IDEs like Cursor, WindSurf, and VSCode with Cline. The server is built using TypeScript and integrates with the Model Context Protocol SDK. It focuses on secure API key management and is designed to streamline frontend development workflows. The implementation is particularly useful for AI applications that need to automate or assist with frontend coding tasks, offering a unique approach to AI-assisted web development."
Notion API,https://www.pulsemcp.com/servers/notion,https://github.com/makenotion/notion-mcp-server,makenotion,notion-mcp-server,1531,81372,"Notion MCP Server provides a bridge to the Notion API, enabling AI assistants to interact with Notion workspaces through the Model Context Protocol. This TypeScript implementation converts the Notion OpenAPI specification into MCP-compatible tools, handling authentication, request formatting, and file uploads. The server exposes Notion's capabilities including searching content, querying databases, and managing pages and comments, while maintaining proper error handling and response formatting. It's particularly useful for AI agents that need to retrieve, create, or modify Notion content without requiring users to write complex API interaction code."
Cloudflare AI Gateway,https://www.pulsemcp.com/servers/cloudflare-ai-gateway,https://github.com/cloudflare/mcp-server-cloudflare/tree/HEAD/apps/ai-gateway,cloudflare,mcp-server-cloudflare,1462,,"The Cloudflare MCP server implementation appears to be experiencing issues with repository access or configuration. This error indicates that the Git clone operation for the 'cloudflare/mcp-server-cloudflare' repository failed, suggesting either the repository doesn't exist publicly, has restricted access permissions, or there might be connectivity problems with the source control system. Without access to the implementation details, it's not possible to provide an accurate description of its purpose or functionality."
Cloudflare Audit Logs,https://www.pulsemcp.com/servers/cloudflare-auditlogs,https://github.com/cloudflare/mcp-server-cloudflare/tree/HEAD/apps/auditlogs,cloudflare,mcp-server-cloudflare,1462,,"Cloudflare Audit Logs MCP server provides secure access to Cloudflare account activity logs through a standardized interface. Built on Cloudflare Workers, it authenticates users via OAuth, retrieves detailed audit information about account changes, and presents the data in a structured format optimized for AI assistants. The server leverages Durable Objects for state management and implements comprehensive filtering options for querying logs by time period, actor, action type, and resource scope. It's particularly valuable for security monitoring, compliance tracking, and investigating configuration changes across Cloudflare accounts."
Cloudflare AutoRAG,https://www.pulsemcp.com/servers/cloudflare-autorag,https://github.com/cloudflare/mcp-server-cloudflare/tree/HEAD/apps/autorag,cloudflare,mcp-server-cloudflare,1462,,"The Cloudflare MCP server implementation appears to be experiencing issues with repository access or configuration. This error indicates that the Git clone operation for the 'cloudflare/mcp-server-cloudflare' repository failed, suggesting either the repository doesn't exist publicly, has restricted access permissions, or there might be connectivity problems with the source control system. Without access to the implementation details, it's not possible to provide an accurate description of its purpose or functionality."
Cloudflare Browser Rendering,https://www.pulsemcp.com/servers/cloudflare-browser-rendering,https://github.com/cloudflare/mcp-server-cloudflare/tree/HEAD/apps/browser-rendering,cloudflare,mcp-server-cloudflare,1462,,"The Cloudflare MCP server implementation appears to be experiencing issues with repository access or configuration. This error indicates that the Git clone operation for the 'cloudflare/mcp-server-cloudflare' repository failed, suggesting either the repository doesn't exist publicly, has restricted access permissions, or there might be connectivity problems with the source control system. Without access to the implementation details, it's not possible to provide an accurate description of its purpose or functionality."
Sandbox Container,https://www.pulsemcp.com/servers/cloudflare-container-sandbox,https://github.com/cloudflare/mcp-server-cloudflare/tree/HEAD/apps/sandbox-container,cloudflare,mcp-server-cloudflare,1462,,"Cloudflare Container Sandbox MCP Server provides a secure, sandboxed environment for running arbitrary code through a standardized interface. Built on Cloudflare Workers with Durable Objects, it enables AI assistants to execute Python, Node.js, and shell commands in ephemeral containers while managing files through dedicated tools. The server implements Cloudflare OAuth for authentication and includes container lifecycle management to ensure resources are properly allocated and cleaned up. Particularly valuable for developers who need to test code, run visualizations, explore GitHub repositories, or analyze data directly from AI assistants without compromising security."
Cloudflare Dex Analysis,https://www.pulsemcp.com/servers/cloudflare-dex-analysis,https://github.com/cloudflare/mcp-server-cloudflare/tree/HEAD/apps/dex-analysis,cloudflare,mcp-server-cloudflare,1462,,"The Cloudflare MCP server implementation appears to be experiencing issues with repository access or configuration. This error indicates that the Git clone operation for the 'cloudflare/mcp-server-cloudflare' repository failed, suggesting either the repository doesn't exist, has been moved, requires authentication, or there are network/permission issues preventing access. Without access to the repository contents, it's not possible to provide a detailed description of this MCP server's functionality or purpose."
Cloudflare DNS Analytics,https://www.pulsemcp.com/servers/cloudflare-dns-analytics,https://github.com/cloudflare/mcp-server-cloudflare/tree/HEAD/apps/dns-analytics,cloudflare,mcp-server-cloudflare,1462,,"The Cloudflare MCP server implementation appears to be experiencing issues with repository access or configuration. This error indicates that the Git clone operation for the 'cloudflare/mcp-server-cloudflare' repository failed, suggesting either the repository doesn't exist publicly, has restricted access permissions, or there might be connectivity problems with the source control system. Without access to the implementation details, it's not possible to provide an accurate description of its purpose or functionality."
Cloudflare Documentation,https://www.pulsemcp.com/servers/cloudflare-docs,https://github.com/cloudflare/mcp-server-cloudflare/tree/HEAD/apps/docs-vectorize,cloudflare,mcp-server-cloudflare,1462,,"The Cloudflare Documentation MCP server connects AI assistants to Cloudflare's documentation through Vectorize, enabling semantic search and retrieval of relevant documentation content. Built as a Cloudflare Worker with Durable Objects, it implements the Model Context Protocol to provide AI systems with contextual information about Cloudflare products and services. The server uses a vectorized database of Cloudflare documentation for efficient retrieval and supports remote MCP connections, making it ideal for developers and users who need accurate, up-to-date information about Cloudflare's platform directly within their AI assistant workflows."
Cloudflare Logpush,https://www.pulsemcp.com/servers/cloudflare-logpush,https://github.com/cloudflare/mcp-server-cloudflare/tree/HEAD/apps/logpush,cloudflare,mcp-server-cloudflare,1462,,"The Cloudflare Logpush MCP server enables AI assistants to interact with Cloudflare's Logpush service, allowing users to retrieve and manage their Logpush jobs across different Cloudflare accounts. Built on Cloudflare Workers, it implements OAuth authentication with Cloudflare's API, provides account management capabilities, and offers tools to fetch detailed information about Logpush configurations. The server handles user authentication state persistence through Durable Objects and includes environment-specific configurations for development, staging, and production deployments. It's particularly useful for Cloudflare customers who need to monitor or troubleshoot their log delivery pipelines through conversational interfaces."
Cloudflare,https://www.pulsemcp.com/servers/cloudflare-mcp-server,https://github.com/cloudflare/mcp-server-cloudflare,cloudflare,mcp-server-cloudflare,1462,61711,"This Cloudflare MCP Server, developed by Cloudflare, provides a powerful interface for language models to interact with Cloudflare's API. It enables AI agents to perform a wide range of Cloudflare-specific tasks including managing KV stores, R2 storage, D1 databases, and Workers. The implementation distinguishes itself by offering deep integration with Cloudflare's unique services and infrastructure. By leveraging Cloudflare's global network, it ensures high-performance and low-latency operations. This tool is particularly powerful for AI-driven cloud management, serverless computing, and edge network optimization, enabling more sophisticated AI assistants that can directly manipulate Cloudflare resources."
Cloudflare One CASB,https://www.pulsemcp.com/servers/cloudflare-one-casb,https://github.com/cloudflare/mcp-server-cloudflare/tree/HEAD/apps/cloudflare-one-casb,cloudflare,mcp-server-cloudflare,1462,,"The Cloudflare MCP server implementation appears to be experiencing issues with repository access or configuration. This error indicates that the Git clone operation for the 'cloudflare/mcp-server-cloudflare' repository failed, suggesting either the repository doesn't exist publicly, has restricted access permissions, or there might be connectivity problems with the source control system. Without access to the implementation details, it's not possible to provide an accurate description of its purpose or functionality."
Cloudflare Radar,https://www.pulsemcp.com/servers/cloudflare-radar,https://github.com/cloudflare/mcp-server-cloudflare/tree/HEAD/apps/radar,cloudflare,mcp-server-cloudflare,1462,,"The Cloudflare MCP server implementation appears to be experiencing issues with repository access or configuration. This error indicates that the Git clone operation for the 'cloudflare/mcp-server-cloudflare' repository failed, suggesting either the repository doesn't exist publicly, has restricted access permissions, or there might be connectivity problems with the source control system. Without access to the implementation details, it's not possible to provide an accurate description of its purpose or functionality."
Cloudflare Workers (via Bindings),https://www.pulsemcp.com/servers/cloudflare-workers-bindings,https://github.com/cloudflare/mcp-server-cloudflare/tree/HEAD/apps/workers-bindings,cloudflare,mcp-server-cloudflare,1462,,"The Cloudflare MCP server implementation appears to be experiencing issues with repository access or configuration. This error indicates that the Git clone operation for the 'cloudflare/mcp-server-cloudflare' repository failed, suggesting either the repository doesn't exist publicly, has restricted access permissions, or there might be connectivity problems with the source control system. Without access to the implementation details, it's not possible to provide an accurate description of its purpose or functionality."
Cloudflare Workers Observability,https://www.pulsemcp.com/servers/cloudflare-workers-observability,https://github.com/cloudflare/mcp-server-cloudflare/tree/HEAD/apps/workers-observability,cloudflare,mcp-server-cloudflare,1462,,"Cloudflare Workers Observability MCP server provides tools for analyzing logs and metrics from Cloudflare Workers deployments. Built by Cloudflare, it enables users to query the Workers Observability API to examine structured JSON logs, calculate performance metrics, and troubleshoot issues across their serverless functions. The server authenticates through Cloudflare OAuth, supports both development and production environments, and offers specialized tools for retrieving log keys, values, and running complex queries against worker telemetry data."
Exa Web Search,https://www.pulsemcp.com/servers/exa-labs-exa-mcp-server,https://github.com/exa-labs/exa-mcp-server,exa-labs,exa-mcp-server,1453,,"This Exa MCP server, developed by exa-labs, provides an interface for AI assistants like Claude to perform web searches using Exa's search API. It enables AI agents to query Exa and retrieve structured search results including titles, URLs, and content snippets through a controlled MCP server. Built in TypeScript, the implementation handles API authentication, rate limiting, and error cases. By leveraging Exa's powerful search capabilities, this server allows AI systems to access real-time web information in a safe and controlled manner. It is particularly useful for AI assistants needing to conduct research, answer questions based on current information, or provide relevant search results to users while maintaining a clear separation between the AI model and external data sources."
Browserbase,https://www.pulsemcp.com/servers/browserbase-mcp-server,https://github.com/browserbase/mcp-server-browserbase,browserbase,mcp-server-browserbase,1448,,"This MCP server, developed by Browserbase, provides cloud browser automation capabilities for AI assistants like Claude. It leverages Browserbase's infrastructure along with Puppeteer and Stagehand (upcoming) to enable web interactions, data extraction, and JavaScript execution in a cloud environment. The server exposes a standardized interface for tasks such as navigating web pages, capturing screenshots, and monitoring console logs. By bridging AI capabilities with web automation, this implementation facilitates use cases like web scraping, automated testing, and dynamic content analysis. It is particularly useful for developers and researchers who need programmatic control over web browsers through natural language commands, enabling complex web-based workflows and data collection tasks."
Perplexity,https://www.pulsemcp.com/servers/perplexity,https://github.com/ppl-ai/modelcontextprotocol,ppl-ai,modelcontextprotocol,1032,,"An MCP server implementation that integrates the Sonar API to provide Claude with unparalleled real-time, web-wide research."
Toolbox for Databases,https://www.pulsemcp.com/servers/genai-toolbox,https://github.com/googleapis/genai-toolbox,googleapis,genai-toolbox,812,,"Toolbox is an MCP server implementation that enables AI assistants to interact with various database systems including PostgreSQL, MySQL, SQL Server, Neo4j, Dgraph, and Spanner. Developed by Google's SenseAI team, it provides a configurable interface for executing pre-defined queries against databases through a YAML-based configuration system. The implementation features telemetry integration, authentication services, and support for both HTTP and SSE transport protocols. Toolbox is particularly useful for AI applications that need to retrieve or manipulate data from multiple database types without exposing direct database access, making it ideal for creating secure, controlled database interfaces for generative AI applications."
Stripe Agent Toolkit,https://www.pulsemcp.com/servers/stripe-agent-toolkit,https://github.com/stripe/agent-toolkit,stripe,agent-toolkit,692,477788,"This MCP server implementation provides a bridge to Stripe's API, enabling AI agents to perform various payment and financial operations. Developed by Stripe, it offers tools for managing customers, products, prices, payment links, invoices, and refunds. The server is built using both Python and TypeScript, integrating with popular agent frameworks like LangChain, CrewAI, and Vercel's AI SDK. It focuses on secure API key management and supports connected accounts. The implementation is particularly useful for AI applications that need to automate e-commerce tasks, handle billing operations, or integrate payment processing into their workflows."
Grafana,https://www.pulsemcp.com/servers/grafana,https://github.com/grafana/mcp-grafana,grafana,mcp-grafana,638,,"Grafana MCP server provides access to Grafana instances and their surrounding ecosystem through the Model Context Protocol. Developed by Grafana Labs' Machine Learning team, it enables searching dashboards, fetching datasource information, querying Prometheus metrics, and managing incidents in Grafana Incident. The server supports both stdio and Server-Sent Events (SSE) transport modes, can be run locally or deployed as a Docker container, and authenticates using Grafana service account tokens. This implementation is particularly valuable for workflows requiring monitoring data analysis, metric exploration, or incident management directly within AI assistant conversations."
Qdrant,https://www.pulsemcp.com/servers/qdrant-mcp-server-qdrant,https://github.com/qdrant/mcp-server-qdrant,qdrant,mcp-server-qdrant,525,60076,"This MCP server, developed by Qdrant, provides a semantic memory layer on top of the Qdrant vector database. Built for use with Claude Desktop, it offers tools for storing and retrieving memories using Qdrant's vector search capabilities. The server leverages FastEmbed models for encoding memories, with the default being 'sentence-transformers/all-MiniLM-L6-v2'. Key features include automatic collection creation, configurable embedding models, and support for both command-line and environment variable configuration. By integrating AI capabilities with Qdrant's efficient vector search, this implementation enhances semantic memory retrieval for AI assistants. It is particularly useful for scenarios requiring persistent memory storage, semantic similarity search, and scalable vector operations in AI applications."
Tavily Search,https://www.pulsemcp.com/servers/tavily-search,https://github.com/tavily-ai/tavily-mcp,tavily-ai,tavily-mcp,341,97392,"This MCP server, developed by Tavily, provides advanced web search capabilities through the Tavily API. Built with TypeScript and leveraging the Model Context Protocol SDK, it offers real-time search and data extraction functionalities. The implementation focuses on delivering high-quality, AI-enhanced search results and web content extraction. It's particularly useful for AI assistants and applications requiring up-to-date web information, enabling use cases such as research automation, content aggregation, and fact-checking without directly interacting with the Tavily API complexities."
Neo4j Graph,https://www.pulsemcp.com/servers/neo4j-contrib-mcp-neo4j,https://github.com/neo4j-contrib/mcp-neo4j,neo4j-contrib,mcp-neo4j,269,,"This Neo4j MCP server, developed by neo4j-contrib, enables AI assistants to interact with Neo4j graph databases using natural language. It provides tools for converting natural language to Cypher queries, storing knowledge graph memories in Neo4j, and offering a file-based alternative for memory storage. Built for use with Claude Desktop and other MCP clients, it leverages Neo4j's graph capabilities to enhance AI interactions with structured data. The server allows AI systems to query, analyze, and manipulate graph data through a standardized MCP interface. It is particularly useful for scenarios requiring graph-based knowledge representation, complex relationship analysis, and persistent memory storage in AI applications working with Neo4j databases."
Hyperbrowser,https://www.pulsemcp.com/servers/hyperbrowserai-hyperbrowser,https://github.com/hyperbrowserai/mcp,hyperbrowserai,mcp,254,12228,"Hyperbrowser MCP Server provides web browsing capabilities for AI assistants through the Model Context Protocol, enabling scraping, structured data extraction, and web crawling. Built by hyperbrowserai, it offers tools to extract content in various formats (markdown, HTML, links, screenshots), follow links with customizable crawling parameters, and execute browser-based tasks. The server requires an API key for authentication and can be run in standard mode or with Server-Sent Events (SSE) for real-time communication, making it ideal for AI workflows requiring web content analysis, data collection, or automated browsing."
E2B (TS),https://www.pulsemcp.com/servers/e2b-dev-mcp-server,https://github.com/e2b-dev/mcp-server/tree/HEAD/packages/js,e2b-dev,mcp-server,238,,"This MCP server, developed by e2b-dev, enables AI assistants like Claude to execute code using E2B's cloud infrastructure. It provides a bridge between natural language interactions and actual code execution, allowing AI models to run and test code snippets in real-time. The server leverages E2B's secure sandboxed environments to execute code in various languages, with current support for JavaScript and Python. By integrating AI capabilities with E2B's code execution platform, this implementation enhances the ability of AI assistants to debug, prototype, and demonstrate code concepts. It is particularly useful for scenarios requiring interactive coding sessions, automated testing, or hands-on programming tutorials guided by AI."
E2B (Python),https://www.pulsemcp.com/servers/e2b-dev-mcp-server-python,https://github.com/e2b-dev/mcp-server/tree/HEAD/packages/python,e2b-dev,mcp-server,238,,"This MCP server, developed by E2B, enables AI assistants like Claude to execute code securely in E2B's cloud infrastructure. It bridges natural language interactions with real-time code execution in sandboxed environments, currently supporting JavaScript and Python. The server integrates with Claude Desktop and can run standalone, providing flexibility for different use cases. By combining AI capabilities with E2B's code execution platform, this implementation enhances AI assistants' ability to debug, prototype, and demonstrate coding concepts interactively. It is particularly valuable for scenarios requiring hands-on programming tutorials, automated testing, or interactive coding sessions guided by AI, allowing for more dynamic and practical coding assistance."
Graphlit,https://www.pulsemcp.com/servers/graphlit,https://github.com/graphlit/graphlit-mcp-server,graphlit,graphlit-mcp-server,236,57165,"This MCP server implementation provides a bridge to the Graphlit platform, enabling integration between MCP clients and Graphlit services. Developed by Unstruk Data Inc., it utilizes the Graphlit client library and Model Context Protocol SDK to facilitate communication. The server is designed for use cases requiring access to Graphlit's API capabilities, such as natural language processing tasks or data retrieval from the Graphlit ecosystem."
Financial Datasets,https://www.pulsemcp.com/servers/financial-datasets,https://github.com/financial-datasets/mcp-server,financial-datasets,mcp-server,234,,"Financial Datasets MCP Server provides AI assistants with direct access to stock market data through a set of specialized financial tools. Built by Financial Datasets, it enables Claude and other AI assistants to retrieve income statements, balance sheets, cash flow statements, current and historical stock prices, and market news via the Financial Datasets API. The server is designed to run locally using the uv package manager and can be easily integrated with Claude Desktop, making it valuable for financial analysis, investment research, and market monitoring workflows without leaving the conversation interface."
Apify Actor,https://www.pulsemcp.com/servers/apify-actor,https://github.com/apify/actors-mcp-server,apify,actors-mcp-server,188,,"This MCP implementation, developed using TypeScript, provides a robust foundation for building and deploying web scraping and automation projects. It leverages the Apify platform and Crawlee library, offering a structured environment for creating scalable web crawlers and data extraction tasks. The implementation includes configuration files for ESLint, TypeScript, and Docker, ensuring code quality and consistency across different development environments. By abstracting common web scraping challenges and providing integration with Apify's cloud infrastructure, this tool enables developers to focus on building complex data acquisition workflows. It is particularly useful for projects requiring large-scale web data extraction, automated testing of web applications, or building AI training datasets from web sources."
ForeverVM,https://www.pulsemcp.com/servers/jamsocket-forevervm,https://github.com/jamsocket/forevervm/tree/HEAD/javascript/mcp-server,jamsocket,forevervm,183,3667,"foreverVM provides an API for running arbitrary, stateful Python code securely.

The core concepts in foreverVM are machines and instructions.

Machines represent a stateful Python process. You interact with a machine by running instructions (Python statements and expressions) on it, and receiving the results. A machine processes one instruction at a time."
Elasticsearch,https://www.pulsemcp.com/servers/elastic-elasticsearch,https://github.com/elastic/mcp-server-elasticsearch,elastic,mcp-server-elasticsearch,157,6618,"Elasticsearch MCP server enables AI assistants to interact with Elasticsearch clusters through natural language conversations. Built with TypeScript and the official Elasticsearch client library, it provides tools for listing indices, inspecting field mappings, and executing full Query DSL searches with automatic highlighting of text fields. The implementation handles authentication via API keys, supports configurable security permissions, and is particularly valuable for users who need to explore and analyze their Elasticsearch data through conversational interfaces."
Semgrep,https://www.pulsemcp.com/servers/semgrep,https://github.com/semgrep/mcp,semgrep,mcp,140,,"Semgrep MCP Server provides a comprehensive interface to Semgrep's static analysis capabilities through the Model Context Protocol, enabling AI assistants to scan code for security vulnerabilities and coding issues. Built by Semgrep, Inc., it offers tools for scanning individual code snippets or entire directories, creating custom rules, analyzing results by severity, and filtering findings. The server is containerized with Docker for easy deployment and can be integrated with Cursor as a plugin, making it valuable for developers who want to leverage Semgrep's security analysis capabilities directly within their AI assistant workflows without leaving their coding environment."
MotherDuck & DuckDB,https://www.pulsemcp.com/servers/motherduck-duckdb,https://github.com/motherduckdb/mcp-server-motherduck,motherduckdb,mcp-server-motherduck,126,32907,"This MCP server, developed by tdoehmen at MotherDuck, provides seamless integration with MotherDuck and local DuckDB databases. Built with Python, it offers tools for initializing database connections, retrieving schema information, and executing queries. The implementation stands out by supporting both cloud-based MotherDuck and local DuckDB instances, allowing flexible deployment options. It's particularly useful for data analysts, researchers, and developers who need to incorporate on-demand access to DuckDB-powered databases into their AI-assisted workflows, enabling dynamic querying and analysis of structured data within MCP-compatible environments like Claude Desktop."
Search1API,https://www.pulsemcp.com/servers/fatwang2-search1api-mcp,https://github.com/fatwang2/search1api-mcp,fatwang2,search1api-mcp,124,7431,"This Search1API MCP server, developed by fatwang2, provides an interface for AI assistants to perform web searches, news searches, content extraction, and sitemap retrieval using the Search1API service. It enables AI agents to query Search1API and retrieve structured results through a controlled MCP server. Built in JavaScript, the implementation handles API authentication and request formatting for multiple Search1API endpoints. By leveraging Search1API's capabilities, this server allows AI systems to access real-time web information, news articles, and site structures in a safe manner. It is particularly useful for AI assistants needing to conduct web research, analyze current events, or extract content from websites while maintaining a clear separation between the AI model and external data sources."
Chroma,https://www.pulsemcp.com/servers/chroma,https://github.com/chroma-core/chroma-mcp,chroma-core,chroma-mcp,121,23844,"Chroma MCP Server provides vector database integration for LLM applications, enabling AI models to create and manage collections of data with vector search capabilities. Built by Chroma Core, it supports multiple client types (ephemeral, persistent, HTTP, and cloud), offers comprehensive collection management tools, and enables document operations including adding, querying, and retrieving with advanced filtering options. The implementation integrates seamlessly with Claude Desktop through simple configuration options and supports environment variables for flexible deployment, making it ideal for workflows requiring memory capabilities such as knowledge bases and context-aware conversations."
Milvus Vector Database,https://www.pulsemcp.com/servers/zilliz-milvus,https://github.com/zilliztech/mcp-server-milvus,zilliztech,mcp-server-milvus,94,,"Milvus MCP Server provides a bridge between AI assistants and Milvus vector database, enabling vector search, full-text search, and hybrid queries through a comprehensive API. Built by Zilliz, it offers tools for managing collections, performing similarity searches, and executing complex queries with filtering capabilities. The implementation handles connection management, data insertion, and index creation while abstracting away the complexities of the Milvus client SDK. This server is particularly valuable for AI workflows requiring semantic search, knowledge retrieval, and structured data exploration from vector databases."
Make,https://www.pulsemcp.com/servers/make,https://github.com/integromat/make-mcp-server,integromat,make-mcp-server,78,4191,"Make MCP Server enables AI assistants to trigger and interact with Make automation workflows through the Model Context Protocol. Developed by Make, it connects to your Make account to identify on-demand scenarios, parse input parameters, allow AI assistants to invoke scenarios with appropriate parameters, and return structured JSON output. The server runs as a Node.js application that can be installed via npm or run in a Docker container, requiring a Make API key with scenarios:read and scenarios:run scopes. This implementation is particularly valuable for maintaining complex automation logic in Make while exposing functionality to AI systems, creating bidirectional communication between assistants and existing workflows."
Meilisearch,https://www.pulsemcp.com/servers/meilisearch,https://github.com/meilisearch/meilisearch-mcp,meilisearch,meilisearch-mcp,77,,"This MCP server for Meilisearch, developed by the Meilisearch team, provides a standardized interface for interacting with Meilisearch's powerful search capabilities. Built with Python and leveraging the official Meilisearch Python client, it offers tools for indexing, searching, and managing documents within Meilisearch instances. The server implements the Model Context Protocol, enabling AI systems to easily perform search operations and retrieve results. By abstracting Meilisearch's API complexities, it allows for seamless integration of advanced search functionality into AI-powered applications. This implementation is particularly valuable for use cases requiring fast, typo-tolerant, and customizable search experiences, such as e-commerce platforms, content management systems, or data exploration tools."
Kagi Search,https://www.pulsemcp.com/servers/kagisearch-kagi,https://github.com/kagisearch/kagimcp,kagisearch,kagimcp,74,,"This Kagi MCP server, developed by Rehan Ali Rana at Kagi Search, integrates the Kagi API into AI-assisted workflows. Built with Python and leveraging libraries like httpx and pydantic, it provides a standardized interface for accessing Kagi's search capabilities through Claude Desktop and compatible MCP clients. The implementation supports Kagi's advanced search features and is designed for easy setup and use. It's particularly useful for researchers, developers, and professionals looking to incorporate high-quality, privacy-focused search results into their AI-assisted applications, enabling more informed decision-making and analysis based on up-to-date web information."
Opik,https://www.pulsemcp.com/servers/opik,https://github.com/comet-ml/opik-mcp,comet-ml,opik-mcp,71,,"Opik MCP Server is an open-source implementation of the Model Context Protocol for the Opik platform. It provides a unified interface for interacting with Opik's capabilities, supporting multiple transport mechanisms for flexible integration into various environments."
Langfuse Prompt Management,https://www.pulsemcp.com/servers/langfuse-prompt-management,https://github.com/langfuse/mcp-server-langfuse,langfuse,mcp-server-langfuse,68,,"This MCP server implementation provides access to Langfuse's prompt management capabilities, allowing users to list and retrieve prompts through the Model Context Protocol. Developed by marcklingen, it transforms Langfuse prompts into MCP-compatible formats, supports pagination for prompt listing, and includes a prompt compilation feature. The server also offers tool-based operations for increased compatibility with MCP clients. It's particularly useful for AI applications requiring dynamic prompt management, version control, and integration with existing Langfuse workflows. The implementation focuses on production-labeled prompts and is designed to work seamlessly with Claude Desktop and Cursor environments."
AgentRPC,https://www.pulsemcp.com/servers/agentrpc,https://github.com/agentrpc/agentrpc,agentrpc,agentrpc,65,2382,"AgentRPC allows you to connect to any function, in any language, across network boundaries. It's ideal when you have services deployed in:

Private VPCs
Kubernetes clusters
Multiple cloud environments
AgentRPC wraps your functions in a universal RPC interface, connecting them to a hosted RPC server accessible through open standards:

Model Context Protocol (MCP)
OpenAI-compatible tool definitions (OpenAI, Anthropic, LiteLLM, OpenRouter, etc.)"
Logfire,https://www.pulsemcp.com/servers/pydantic-logfire-opentelemetry,https://github.com/pydantic/logfire-mcp,pydantic,logfire-mcp,60,10441,"Logfire MCP Server provides AI assistants with access to OpenTelemetry traces and metrics through Logfire's API. Built by the Pydantic team, it enables LLMs to query application telemetry data, analyze distributed traces, and perform custom SQL queries on observability data with automatic token-based authentication. The server exposes tools for finding exceptions, analyzing errors in specific files, running arbitrary queries against trace data, and retrieving schema information - making it particularly valuable for debugging applications, investigating performance issues, and gaining insights from operational data without leaving the AI assistant conversation."
Tinybird,https://www.pulsemcp.com/servers/tinybirdco-tinybird,https://github.com/tinybirdco/mcp-tinybird,tinybirdco,mcp-tinybird,60,20654,"This MCP server, developed by Tinybird, enables AI assistants to interact with Tinybird workspaces for data exploration and analysis. Built in Python, it provides tools for querying data sources, executing API endpoints, and pushing data files. The server leverages Tinybird's real-time analytics capabilities, allowing AI models to access and analyze large datasets efficiently. Key features include SQL query execution, data source exploration, and integration with Tinybird's documentation. By bridging AI assistants with powerful analytics infrastructure, this implementation is particularly useful for tasks involving data-driven insights, business intelligence, and real-time data exploration across various domains."
AgentQL,https://www.pulsemcp.com/servers/tinyfish-agentql,https://github.com/tinyfish-io/agentql-mcp,tinyfish-io,agentql-mcp,56,3143,"AgentQL MCP server integrates with the AgentQL data extraction API to provide AI assistants with structured data extraction capabilities from web pages. The server exposes a single tool that accepts a URL and natural language prompt, then uses the AgentQL API to extract relevant data in JSON format based on the description. This implementation is particularly useful for scenarios requiring structured data from websites without needing to write custom scrapers, enabling AI assistants to gather specific information from web content on demand."
Vectorize,https://www.pulsemcp.com/servers/vectorize-io,https://github.com/vectorize-io/vectorize-mcp-server,vectorize-io,vectorize-mcp-server,51,1812,"Vectorize MCP Server provides a bridge between Claude and Vectorize.io's vector database services, enabling advanced retrieval, text extraction, and deep research capabilities. Built with TypeScript, it exposes three primary tools: vector search for retrieving relevant documents from pipelines, text extraction for converting various document formats to Markdown, and deep research for generating comprehensive analyses from document collections. The implementation handles authentication through organization IDs and API tokens, making it particularly valuable for knowledge management, document analysis, and research workflows that require sophisticated vector search capabilities without leaving the conversation interface."
Dart Project Management,https://www.pulsemcp.com/servers/dart-project-management,https://github.com/its-dart/dart-mcp-server,its-dart,dart-mcp-server,49,7734,"Dart MCP Server provides AI assistants with direct access to Dart's project management platform, enabling task and document management through a comprehensive set of tools. Built by the Dart team, it allows for creating, retrieving, updating, and deleting tasks and documents, with support for filtering by various attributes like assignees, status, and priority. The server exposes both structured tools and resource templates that make it easy for AI assistants to interact with Dart's API, and includes prompts for common actions like creating tasks or summarizing work items. It's particularly valuable for teams using Dart who want to manage their projects directly through AI assistants like Claude without switching contexts."
Lara Translate,https://www.pulsemcp.com/servers/translated-lara-translate,https://github.com/translated/lara-mcp,translated,lara-mcp,48,2851,"Lara MCP Server provides a bridge to the Lara Translation API, enabling AI assistants to translate text between languages with support for language detection and context-aware translations. Developed by Translated, this TypeScript implementation uses the Model Context Protocol SDK to expose a single translation tool that leverages the official Lara client library. The server authenticates with Lara API credentials through environment variables and is packaged for both npm distribution and Docker deployment. Ideal for multilingual applications where AI assistants need to perform accurate translations without switching context."
Axiom Query,https://www.pulsemcp.com/servers/axiomhq-mcp-server-axiom,https://github.com/axiomhq/mcp-server-axiom,axiomhq,mcp-server-axiom,39,,"This MCP server, developed by Axiom, enables AI agents to query data using Axiom Processing Language (APL). It integrates with the Axiom data platform to provide tools for executing APL queries against datasets and listing available datasets. By leveraging Axiom's powerful data processing capabilities, this implementation allows AI assistants to easily incorporate real-time data analysis into their responses. It is particularly useful for scenarios requiring rapid insights from large datasets, such as log analysis, application monitoring, or business intelligence through natural language queries to an AI assistant. The server is designed for seamless integration with the Claude desktop app and focuses on core querying functionality."
Needle,https://www.pulsemcp.com/servers/janhms-needle,https://github.com/needle-ai/needle-mcp,needle-ai,needle-mcp,38,,"This Needle MCP integration, developed by Jan Heimes, provides a bridge between the Needle AI platform and MCP (Machine Comprehension Protocol) servers. Built using Python, it leverages the needle-python and mcp libraries to enable seamless communication between Needle's AI capabilities and standardized MCP endpoints. The integration supports environment variable configuration via python-dotenv for flexible deployment. By abstracting the complexities of API interactions, it allows developers to easily incorporate Needle's AI functionalities into MCP-compatible systems. This implementation is particularly useful for projects requiring advanced natural language processing, machine learning, or AI-driven decision making within an MCP framework, enabling use cases such as intelligent chatbots, automated content generation, or AI-assisted data analysis."
Metoro Kubernetes Observability,https://www.pulsemcp.com/servers/metoro-mcp-server,https://github.com/metoro-io/metoro-mcp-server,metoro-io,metoro-mcp-server,37,,"This MCP server, developed by Metoro, enables AI assistants like Claude to interact with Kubernetes clusters through Metoro's observability platform. Built in Go, it exposes Metoro's APIs to allow querying and analyzing telemetry data collected from microservices using eBPF instrumentation. The implementation stands out by providing deep visibility into Kubernetes environments without requiring code changes. By connecting AI capabilities with Metoro's comprehensive cluster insights, this server enables AI systems to troubleshoot issues, optimize performance, and understand complex microservice interactions. It is particularly useful for DevOps teams seeking to leverage AI for Kubernetes observability, automated incident response, and performance optimization in cloud-native environments."
Rember,https://www.pulsemcp.com/servers/rember,https://github.com/rember/rember-mcp,rember,rember-mcp,36,5020,"Allow Claude to create flashcards for you with the official Model Context Protocol (MCP) for Rember. Rember helps you study and remember anything you care about by scheduling spaced repetition reviews.

Features and examples:

Create flashcards from your chats ""... I like your answer, help me remember it""
Create flashcards from your PDFs ""Create flashcards from chapter 2 of this PDF"""
Heroku,https://www.pulsemcp.com/servers/heroku,https://github.com/heroku/heroku-mcp-server,heroku,heroku-mcp-server,31,,"A server implementation of the Model Context Protocol (MCP) for Heroku, allowing integration between MCP clients and Heroku services."
Bankless Onchain,https://www.pulsemcp.com/servers/bankless-onchain,https://github.com/bankless/onchain-mcp,bankless,onchain-mcp,30,1418,"Bankless Onchain MCP Server provides a middleware between AI models and blockchain data, enabling LLMs to interact with smart contracts, fetch events, and access transaction information across multiple networks. Developed by Bankless Engineering, it implements tools for reading contract state, retrieving proxy implementations, fetching ABIs and source code, filtering event logs, and accessing transaction history. The server requires a Bankless API token for authentication and is particularly valuable for blockchain analysis, smart contract interaction, and on-chain data exploration workflows without requiring users to leave their conversation interface."
Redis,https://www.pulsemcp.com/servers/redis,https://github.com/redis/mcp-redis,redis,mcp-redis,29,,"The Redis MCP Server is a natural language interface designed for agentic applications to efficiently manage and search data in Redis. It integrates seamlessly with MCP (Model Content Protocol) clients, enabling AI-driven workflows to interact with structured and unstructured data in Redis. Using this MCP Server, you can ask questions like:

""Store the entire conversation in a stream""
""Cache this item in a string""
""Store the session with an expiration time""
""Search this vector"""
Gitee,https://www.pulsemcp.com/servers/oschina-gitee,https://github.com/oschina/mcp-gitee,oschina,mcp-gitee,24,,"MCP-Gitee provides a bridge between Claude and Gitee's API, enabling AI assistants to interact with repositories, issues, pull requests, and user data on the Gitee platform. Built by OSChina, this Go-based implementation exposes a comprehensive set of tools for repository management (creating repos, releases, fetching file content), issue tracking (creating, updating, commenting), pull request workflows (creating, merging, commenting), and user notifications. The server supports both stdio and SSE transport protocols, making it compatible with Claude Desktop integration, and includes robust error handling for API interactions. Particularly valuable for developers who need AI assistance with code collaboration workflows on Gitee without leaving their conversation interface."
Bitrise,https://www.pulsemcp.com/servers/bitrise,https://github.com/bitrise-io/bitrise-mcp,bitrise-io,bitrise-mcp,21,,"Bitrise MCP Server provides a bridge to the Bitrise CI/CD platform API, enabling AI assistants to manage mobile app development workflows. Developed by Bitrise, this Python implementation offers tools for app management, build operations, artifact handling, and release management across iOS and Android platforms. The server organizes functionality into logical API groups that can be selectively enabled, and integrates with Claude Desktop through a simple configuration process. It's particularly valuable for developers who need to monitor builds, trigger workflows, manage testing groups, or handle app distribution without leaving their AI assistant interface."
gotoHuman,https://www.pulsemcp.com/servers/gotohuman,https://github.com/gotohuman/gotohuman-mcp-server,gotohuman,gotohuman-mcp-server,21,,"gotoHuman MCP Server enables AI agents to request human reviews through the gotoHuman platform, creating an asynchronous workflow for content approval and critical action validation. The server provides three main tools: listing available review forms, fetching form schemas, and submitting review requests that appear in the user's gotoHuman inbox. Built with TypeScript using the Model Context Protocol SDK, it integrates with the gotoHuman API to facilitate human-in-the-loop processes for autonomous agents and AI automations, with webhook-based responses that allow workflows to continue after human approval."
Oxylabs Web Scraping,https://www.pulsemcp.com/servers/oxylabs-web-scraping,https://github.com/oxylabs/oxylabs-mcp,oxylabs,oxylabs-mcp,21,6907,"Oxylabs MCP server provides a bridge to Oxylabs web scraping services, enabling AI assistants to extract and process web content. Built with Python 3.12+, it handles authentication through Oxylabs credentials and transforms raw web data into clean, structured formats using lxml and markdownify. The implementation supports containerized deployment via Docker and includes comprehensive error handling. This server is particularly valuable for workflows requiring real-time web data extraction, content analysis, or monitoring of web resources without requiring users to manually collect information."
Astra DB,https://www.pulsemcp.com/servers/datastax-astra-db,https://github.com/datastax/astra-db-mcp,datastax,astra-db-mcp,19,2671,"This MCP server implementation provides integration with Astra DB, a cloud-native database service. Developed by DataStax, it offers tools for managing collections and records within Astra DB, including creating, updating, deleting, and querying data. The server is designed to enable AI agents to interact directly with Astra DB, making it useful for applications that require scalable, cloud-based data storage and retrieval capabilities."
ScreenshotOne,https://www.pulsemcp.com/servers/screenshotone,https://github.com/screenshotone/mcp,screenshotone,mcp,19,,"This MCP server implementation provides a bridge to ScreenshotOne's API, enabling the rendering of website screenshots through the Model Context Protocol. Developed by Dmytro Krasun, it offers a simple tool for capturing visual representations of web pages as images. The server is designed to work with Node.js environments and utilizes the @modelcontextprotocol/sdk for MCP compatibility. It's particularly useful for AI assistants, web developers, and content creators who need to programmatically generate website screenshots for tasks such as visual testing, content monitoring, or creating visual references of web pages without manual intervention."
Hologres,https://www.pulsemcp.com/servers/aliyun-hologres,https://github.com/aliyun/alibabacloud-hologres-mcp-server,aliyun,alibabacloud-hologres-mcp-server,18,9364,"Hologres MCP Server provides a universal interface between AI Agents and Alibaba Cloud's Hologres databases, enabling seamless communication for metadata retrieval and SQL execution. Developed by TimothyDing, it supports executing SQL (including DDL, DML, and queries), collecting statistics with ANALYZE commands, and retrieving database metadata such as schemas, tables, and table statistics. The server requires Python 3.13+ and can be installed via pip or run directly from the repository, making it easy to integrate with MCP clients through simple configuration. This implementation is particularly valuable for data analysis workflows that need to interact with Hologres databases without switching contexts."
Box,https://www.pulsemcp.com/servers/box-community-box,https://github.com/box-community/mcp-server-box,box-community,mcp-server-box,18,,"MCP Server Box integrates with the Box API to enable AI assistants to perform operations on Box files and folders, including search, text extraction, AI-based querying, and structured data extraction. Built by the Box community, it leverages Box's Claude AI capabilities to analyze documents, extract specific information from files, and answer questions about content. The server exposes tools for authenticating with Box, searching for files by name or content, reading file contents, asking AI about documents, locating folders, extracting structured data, and listing folder contents - making it particularly valuable for workflows that require document analysis, information extraction, or content management within Box."
ZenML,https://www.pulsemcp.com/servers/zenml-io-zenml,https://github.com/zenml-io/mcp-zenml,zenml-io,mcp-zenml,17,,"This ZenML MCP server enables AI assistants to interact with ZenML, an open-source ML pipeline management platform. Built with Python using FastMCP, it provides tools to access core ZenML functionality including users, stacks, pipelines, runs, services, components, artifacts, and logs. The implementation allows querying pipeline metadata, triggering new pipeline runs, and analyzing run history through standardized MCP tools. It handles authentication via API keys and includes robust error handling, making it ideal for ML engineers who want to monitor and manage their machine learning workflows through conversational AI interfaces."
Fireproof JSON Document Store,https://www.pulsemcp.com/servers/fireproof-storage-json-document-store,https://github.com/fireproof-storage/mcp-database-server,fireproof-storage,mcp-database-server,16,,"This MCP server, developed by the Fireproof Storage team, integrates a Fireproof database to provide a JSON document store with CRUD operations and querying capabilities. It offers a simple interface for AI assistants to store, retrieve, update, and delete JSON documents, as well as perform queries sorted by any field. The implementation stands out by leveraging Fireproof's local-first database technology, enabling offline-capable and real-time collaborative features. By connecting AI capabilities with a flexible document store, this server empowers AI systems to manage structured data efficiently. It is particularly useful for applications requiring persistent storage of AI-generated content, collaborative note-taking systems, or any scenario where an AI assistant needs to work with dynamic, structured data."
Redis Cloud,https://www.pulsemcp.com/servers/redis-cloud,https://github.com/redis/mcp-redis-cloud,redis,mcp-redis-cloud,16,,"A Model Context Protocol (MCP) server implementation for Redis Cloud, enabling AI applications to retrieve and use data from Redis Cloud databases as context for LLM interactions."
Gyazo,https://www.pulsemcp.com/servers/yuiseki-gyazo,https://github.com/nota/gyazo-mcp-server,nota,gyazo-mcp-server,16,,"This MCP server, developed by an unknown author, provides integration with the Gyazo image hosting service. Built with TypeScript and leveraging the Model Context Protocol SDK, it offers tools for accessing and interacting with Gyazo images. The implementation focuses on image retrieval and metadata extraction, with features like OCR data access and fetching the latest uploaded image. It's particularly useful for AI assistants and applications that need to work with visual content, enabling use cases such as image analysis, content moderation, or automated reporting based on screenshots without directly dealing with the Gyazo API complexities."
Apache IoTDB,https://www.pulsemcp.com/servers/apache-iotdb,https://github.com/apache/iotdb-mcp-server,apache,iotdb-mcp-server,15,,"The IoTDB MCP Server provides a secure interface for AI assistants to interact with Apache IoTDB time-series databases. Developed by the Apache Software Foundation, this Python-based implementation enables three core database operations: executing SELECT queries, listing available tables, and describing table schemas. The server connects to IoTDB instances using a session pool for efficient connection management and returns query results in a structured text format. It's particularly valuable for data analysts and IoT applications that need AI-assisted exploration and analysis of time-series data stored in IoTDB without requiring direct database access."
Integration.app,https://www.pulsemcp.com/servers/integration-app,https://github.com/integration-app/mcp-server,integration-app,mcp-server,15,,"This Integration App MCP server, developed by an unnamed author, provides a bridge between AI assistants and Integration App's workflow automation capabilities. Built with TypeScript and leveraging the Model Context Protocol SDK, it exposes Integration App actions as tools for AI models. The implementation focuses on simplifying interactions with Integration App's API, making it accessible for AI models to trigger and manage automated workflows. It's particularly useful for tasks like data synchronization, process automation, or integrating various SaaS applications, enabling AI assistants to orchestrate complex business processes without requiring deep knowledge of individual API complexities."
Mailgun,https://www.pulsemcp.com/servers/mailgun,https://github.com/mailgun/mailgun-mcp-server,mailgun,mailgun-mcp-server,14,,"Mailgun MCP Server provides a bridge between Claude Desktop and the Mailgun email service API, enabling AI assistants to send emails and retrieve email statistics through a standardized interface. The implementation transforms Mailgun's OpenAPI specification into MCP tools, handling authentication, parameter validation, and request formatting automatically. It supports over 30 Mailgun API endpoints including sending messages, retrieving domain information, and analyzing email delivery statistics. Built with Node.js and the MCP SDK, this server requires a Mailgun API key and is ideal for workflows that need email delivery capabilities integrated with AI assistants."
Pinecone Assistant,https://www.pulsemcp.com/servers/pinecone-assistant,https://github.com/pinecone-io/assistant-mcp,pinecone-io,assistant-mcp,14,,Pinecone Assistant is a service that allow you to build production-grade chat and agent-based applications quickly. Use the Pinecone Assistant MCP to ground your agents with contextual knowledge sourced from your proprietary data.
eSignatures,https://www.pulsemcp.com/servers/esignatures-esignatures,https://github.com/esignaturescom/mcp-server-esignatures,esignaturescom,mcp-server-esignatures,13,,"This MCP server for eSignatures, developed by eSignatures, provides integration with the eSignatures.com API for contract and document management. Built with Python, it offers tools for creating, querying, and managing contracts and templates. The implementation focuses on simplifying access to eSignatures functionality through a standardized MCP interface, with features like draft creation, contract withdrawal, and template management. It's particularly useful for AI assistants and applications needing to handle digital contracts and signatures, enabling use cases such as automated contract generation, document workflow management, and legal compliance tracking without directly dealing with the complexities of the eSignatures.com API."
Pinecone Developer (Vector Database),https://www.pulsemcp.com/servers/pinecone-vector-database,https://github.com/pinecone-io/pinecone-mcp,pinecone-io,pinecone-mcp,12,1737,"Pinecone Developer MCP Server enables AI assistants to interact with Pinecone vector database services through a TypeScript implementation. It provides tools for searching Pinecone documentation, managing indexes, and performing vector search operations including creating indexes with integrated inference, upserting records, searching across multiple indexes, and reranking results. The server supports both stdio and SSE transport methods, requires a Pinecone API key for database operations, and includes robust error handling with detailed validation messages. Particularly valuable for developers working with vector databases who need to embed, search, and manage semantic data within their AI applications."
Atlan Data Catalog,https://www.pulsemcp.com/servers/atlan-data-catalog,https://github.com/atlanhq/agent-toolkit/tree/HEAD/modelcontextprotocol,atlanhq,agent-toolkit,11,,"Atlan MCP Server provides a bridge between AI agents and Atlan data catalog services through a Python implementation using the pyatlan SDK. The server exposes tools for searching assets with flexible conditions, retrieving assets using DSL queries, traversing lineage relationships, and updating asset attributes like descriptions and certificate status. Built with a robust error handling system and comprehensive logging, it enables AI assistants to interact with enterprise data catalogs for use cases such as data discovery, lineage analysis, and metadata management. The implementation uses environment variables for configuration and supports deployment through Claude Desktop or the MCP Inspector for testing."
Thirdweb,https://www.pulsemcp.com/servers/thirdweb-ai,https://github.com/thirdweb-dev/ai/tree/HEAD/python/thirdweb-mcp,thirdweb-dev,ai,11,12571,"Read/write to over 2,000 EVM blockchains, enabling data querying, smart contract analysis/deployment, and transaction execution, powered by Thirdweb. Users can swap, bridge, send, deploy contracts, build apps, and more. 

Thirdweb is an all-in-one dev stack for web3 apps and infra; the MCP gives you access to all Thirdweb features directly from LLM."
Inkeep RAG,https://www.pulsemcp.com/servers/inkeep-rag,https://github.com/inkeep/mcp-server-python,inkeep,mcp-server-python,10,,"Inkeep MCP Server enables Claude to search and retrieve relevant documentation through Inkeep's RAG API. The server exposes a single 'rag-search' tool that queries Inkeep's API using the OpenAI client library, returning structured citation data compatible with Claude's citation format. It requires an Inkeep account and API key, and is configured through environment variables. This implementation is particularly valuable for workflows where users need to reference documentation without leaving their conversation with Claude, making it ideal for technical support, developer assistance, and knowledge-based interactions."
Alibaba Cloud ADB MySQL,https://www.pulsemcp.com/servers/alibaba-cloud-adb-mysql,https://github.com/aliyun/alibabacloud-adb-mysql-mcp-server,aliyun,alibabacloud-adb-mysql-mcp-server,8,1154,"Adb MySQL MCP Server provides a universal interface between AI Agents and Alibaba Cloud's Adb MySQL databases, enabling seamless metadata retrieval and SQL operations. Developed by Alibaba Cloud, this Python-based implementation offers tools for executing SQL queries, analyzing query plans, and retrieving execution statistics, along with resource templates for accessing database schemas, table definitions, and configuration values. The server requires minimal configuration through environment variables and supports both local development and pip installation, making it ideal for data analysts and developers who need AI-assisted database interactions with Adb MySQL clusters."
AgentKit (Chargebee),https://www.pulsemcp.com/servers/chargebee-agentkit,https://github.com/chargebee/agentkit/tree/HEAD/modelcontextprotocol,chargebee,agentkit,8,1141,"Chargebee empowers businesses of all sizes to scale revenue with a complete suite of solutions, including subscription management, recurring billing, pricing and payment optimization, revenue recognition, collections, and customer retention.

This MCP Server connects AI agents to Chargebee platform."
Riza,https://www.pulsemcp.com/servers/riza,https://github.com/riza-io/riza-mcp,riza-io,riza-mcp,8,2661,"The Riza MCP Server provides a secure bridge between LLMs and Riza's isolated code interpreter API, enabling AI assistants to write, save, edit, and execute code safely. Built as a wrapper around the Riza API, it exposes functionality through discrete tools that allow LLMs to create reusable code tools, manage a library of saved tools, and execute arbitrary code in a sandboxed environment. This implementation is particularly valuable for workflows requiring secure code execution from LLM-generated content, offering both the flexibility of running arbitrary code and the convenience of maintaining persistent tools across conversations."
BICScan,https://www.pulsemcp.com/servers/ahnlabio-bicscan,https://github.com/ahnlabio/bicscan-mcp,ahnlabio,bicscan-mcp,3,,"BICScan MCP Server provides a bridge to the BICScan API for assessing risk and analyzing assets across blockchain addresses, domains, and decentralized applications. Built with Python and FastMCP, it exposes tools for retrieving risk scores (0-100 scale) and detailed asset holdings information, with robust error handling and logging capabilities. This implementation is particularly valuable for blockchain security analysts and compliance teams who need to evaluate cryptocurrency addresses and monitor digital assets through natural language interaction."
DevHub CMS,https://www.pulsemcp.com/servers/devhub-cms,https://github.com/devhub/devhub-cms-mcp,devhub,devhub-cms-mcp,3,3618,"Allows seamless interaction with DevHub's API platform, enabling automated content management and providing additional context to DevHub's users of LLMs. This MCP will benefit users looking to integrate AI capabilities with their DevHub workflows."
