server_name,server_url,github_url,owner,repo,github_stars,download_count,experimental_ai_generated_description
AWS Bedrock: Knowledge Base,https://www.pulsemcp.com/servers/aws-bedrock-knowledgebase,https://github.com/modelcontextprotocol/servers/tree/HEAD/src/aws-kb-retrieval-server,modelcontextprotocol,servers,42864,,"This AWS Knowledge Base Retrieval MCP server, developed by the Model Context Protocol team, enables AI assistants to access information from AWS Knowledge Bases using the Bedrock Agent Runtime. It provides a tool for performing retrieval-augmented generation (RAG) operations, allowing queries against specified knowledge bases and retrieval of multiple results. The server integrates seamlessly with AWS services, requiring proper AWS credentials configuration. By connecting AI capabilities with AWS knowledge repositories, this implementation empowers AI systems to leverage curated information sources. It is particularly useful for building AI assistants that need access to company-specific knowledge, technical documentation, or any scenario where an AI system benefits from retrieving contextual information from AWS-managed knowledge bases."
Brave Search,https://www.pulsemcp.com/servers/modelcontextprotocol-brave-search,https://github.com/modelcontextprotocol/servers/tree/HEAD/src/brave-search,modelcontextprotocol,servers,42864,635269,"This Brave Search MCP server, developed by ModelContextProtocol, integrates the Brave Search API to provide web and local search capabilities for AI assistants. It offers flexible querying options including pagination, result filtering, and content freshness controls. The implementation handles API authentication and exposes Brave's search functionality through a standardized MCP interface. By bridging AI models and Brave's privacy-focused search engine, this server enables AI systems to retrieve relevant web pages, news articles, and local business information. It is particularly useful for AI assistants needing to gather up-to-date information from the web, conduct research, or provide location-based recommendations while respecting user privacy."
EverArt,https://www.pulsemcp.com/servers/anthropic-everart,https://github.com/modelcontextprotocol/servers/tree/HEAD/src/everart,modelcontextprotocol,servers,42864,13303,"This EverArt MCP server, developed by Anthropic, provides AI assistants with image generation capabilities using the EverArt API. Built with TypeScript and leveraging the EverArt SDK, it offers a streamlined interface for creating images from text prompts using multiple AI models. The server implements robust error handling, automatic browser opening for generated images, and supports various image styles including photorealistic and vector art. By abstracting the complexities of API communication and image generation, it allows AI systems to easily incorporate visual content creation into their workflows. This implementation is particularly valuable for creative applications, content generation, and visual design tasks, enabling use cases such as automated illustration, concept visualization, and rapid prototyping of visual ideas."
Demo (Everything),https://www.pulsemcp.com/servers/modelcontextprotocol-demo-everything,https://github.com/modelcontextprotocol/servers/tree/HEAD/src/everything,modelcontextprotocol,servers,42864,81054,"This MCP server, developed by Anthropic, serves as a comprehensive demo suite for MCP client implementations. It exercises the full range of MCP protocol features including prompts, tools, resources, and sampling. Built in TypeScript, the server implements various tools like echo, math operations, and LLM sampling, as well as 100 test resources in both plaintext and binary formats. By providing a standardized testing ground, this server enables MCP client developers to validate their implementations against a wide array of protocol functionalities. It is particularly useful for ensuring compatibility, debugging edge cases, and demonstrating the capabilities of the MCP protocol in a controlled environment."
Fetch,https://www.pulsemcp.com/servers/modelcontextprotocol-fetch,https://github.com/modelcontextprotocol/servers/tree/HEAD/src/fetch,modelcontextprotocol,servers,42864,950832,"This fetch MCP server, developed by Anthropic, provides AI assistants with web content retrieval capabilities. It integrates with web servers to fetch and process HTML content, converting it to markdown for easier consumption by language models. Built in Python, the implementation handles URL fetching, content extraction, and HTML-to-markdown conversion. By bridging AI models and web content, this server allows AI systems to access and analyze online information in a structured format. It supports chunked reading of long web pages and offers customization options for user agents and robots.txt handling. The fetch server is particularly useful for AI assistants needing to retrieve and process web-based information, conduct research, or provide summaries of online content."
Filesystem,https://www.pulsemcp.com/servers/modelcontextprotocol-filesystem,https://github.com/modelcontextprotocol/servers/tree/HEAD/src/filesystem,modelcontextprotocol,servers,42864,1294858,"This filesystem MCP server, developed by Anthropic, provides a secure interface for language models to interact with local filesystems. It enables AI agents to read, write, search, and manipulate files and directories through a controlled API. By restricting operations to specified directories and providing advanced editing capabilities, it maintains data security while allowing AI systems to work with file-based data and content. This implementation is particularly useful for AI assistants designed to manage documents, analyze local datasets, or automate file organization tasks using the local filesystem as a backend."
Git,https://www.pulsemcp.com/servers/modelcontextprotocol-git,https://github.com/modelcontextprotocol/servers/tree/HEAD/src/git,modelcontextprotocol,servers,42864,316386,"This server, developed by Anthropic, provides AI assistants with Git repository interaction capabilities. It enables operations like viewing working tree status, staging changes, committing, and managing branches through a standardized interface. Built in Python, the implementation handles Git operations and exposes functionality via MCP. By bridging AI models and Git version control, this server allows AI systems to analyze codebases, track changes, and assist with source code management tasks. It is particularly useful for AI assistants supporting software development workflows, code review processes, and collaborative programming projects using Git repositories."
GitHub,https://www.pulsemcp.com/servers/modelcontextprotocol-github,https://github.com/modelcontextprotocol/servers/tree/HEAD/src/github,modelcontextprotocol,servers,42864,741538,"This GitHub MCP server, developed by Anthropic, provides AI assistants with comprehensive access to GitHub's API functionality. It enables operations like file management, repository creation, issue tracking, and advanced code search across GitHub. Built in TypeScript, the implementation handles authentication, request formatting, and exposes GitHub's features through a standardized MCP interface. By bridging AI models and GitHub's development platform, this server allows AI systems to interact with code repositories, manage projects, and analyze development workflows. It is particularly useful for AI assistants supporting software development teams in tasks like code review, project management, and collaborative coding on GitHub."
GitLab,https://www.pulsemcp.com/servers/modelcontextprotocol-gitlab,https://github.com/modelcontextprotocol/servers/tree/HEAD/src/gitlab,modelcontextprotocol,servers,42864,36324,"This GitLab MCP server, developed by Anthropic, provides AI assistants with comprehensive access to GitLab's API functionality. It enables operations like file management, repository creation, issue tracking, and merge request handling across GitLab projects. Built in TypeScript, the implementation handles authentication, request formatting, and exposes GitLab's features through a standardized MCP interface. By bridging AI models and GitLab's development platform, this server allows AI systems to interact with code repositories, manage projects, and analyze development workflows. It is particularly useful for AI assistants supporting software development teams in tasks like code review, project management, and collaborative coding on GitLab."
Google Drive,https://www.pulsemcp.com/servers/modelcontextprotocol-gdrive,https://github.com/modelcontextprotocol/servers/tree/HEAD/src/gdrive,modelcontextprotocol,servers,42864,41842,"This Google Drive MCP server, developed by ModelContextProtocol, provides a secure interface for language models to interact with Google Drive files and folders. It enables AI agents to search, read, and access Google Drive content through a controlled API. The server handles OAuth authentication, automatically exports Google Workspace files to standard formats, and integrates with the desktop app via NPM. By focusing on read-only access and using OAuth for authorization, it maintains data security while allowing AI systems to work with cloud-stored documents and files. This implementation is particularly useful for AI assistants designed to analyze documents, search through cloud storage, or provide insights from Google Drive content."
Google Maps,https://www.pulsemcp.com/servers/modelcontextprotocol-google-maps,https://github.com/modelcontextprotocol/servers/tree/HEAD/src/google-maps,modelcontextprotocol,servers,42864,84487,"This Google Maps MCP server, developed by Anthropic, provides a comprehensive interface for language models to interact with Google Maps data and services. It enables AI agents to perform geocoding, reverse geocoding, place searches, and retrieve detailed location information through a controlled API. The server handles API key authentication. By exposing core Google Maps functionality, it allows AI systems to work with location data, calculate distances and routes, and access place details. This implementation is particularly useful for AI assistants designed to provide location-based recommendations, plan trips, analyze geographic data, or offer insights about places and businesses using Google Maps as a backend."
Knowledge Graph Memory,https://www.pulsemcp.com/servers/modelcontextprotocol-knowledge-graph-memory,https://github.com/modelcontextprotocol/servers/tree/HEAD/src/memory,modelcontextprotocol,servers,42864,283073,"This knowledge graph memory server, developed by Anthropic, provides a persistent memory system for language models using a local graph database. It enables AI agents to create, query, and update entities, relations, and observations through a controlled API. By storing information as a semantic network, it allows AI systems to build and maintain complex knowledge structures over time. The server integrates with Claude Desktop via NPM and focuses on personalization use cases. This implementation is particularly useful for AI assistants designed to remember user preferences, track relationships between people and organizations, or accumulate domain knowledge across conversations."
PostgreSQL,https://www.pulsemcp.com/servers/modelcontextprotocol-postgres,https://github.com/modelcontextprotocol/servers/tree/HEAD/src/postgres,modelcontextprotocol,servers,42864,537157,"This PostgreSQL MCP server, developed by Anthropic, provides a read-only interface for language models to interact with PostgreSQL databases. It enables AI agents to inspect database schemas and execute SQL queries through a controlled interface. The server integrates with Claude Desktop and can be run as a standalone application, offering deployment flexibility. By focusing on read-only access and using environment variables for configuration, it maintains data security while allowing AI systems to explore and analyze relational data. This implementation is particularly useful for AI assistants designed to perform database schema exploration, generate SQL queries, or provide data-driven insights using PostgreSQL as the backend."
Puppeteer,https://www.pulsemcp.com/servers/modelcontextprotocol-puppeteer,https://github.com/modelcontextprotocol/servers/tree/HEAD/src/puppeteer,modelcontextprotocol,servers,42864,612833,"This Puppeteer-based MCP implementation provides a powerful interface for language models to interact with web browsers. Developed by Anthropic, it enables AI agents to perform a wide range of browser automation tasks including navigation, clicking, form filling, and JavaScript execution in real browser environments. The implementation distinguishes itself by offering screenshot capabilities and console log monitoring, making it ideal for visual AI tasks and debugging. By leveraging Puppeteer's Chrome/Chromium automation, it ensures high-fidelity web interactions. This tool is particularly powerful for AI-driven web testing, data scraping, and automated web interactions, enabling more sophisticated AI assistants that can directly manipulate web applications. Its integration with Claude Desktop and npm-based installation process make it easily accessible for developers and researchers working on advanced AI projects involving web automation."
Redis,https://www.pulsemcp.com/servers/modelcontextprotocol-redis,https://github.com/modelcontextprotocol/servers/tree/HEAD/src/redis,modelcontextprotocol,servers,42864,,"This MCP server implementation, developed by Anthropic, provides a collection of specialized servers for various data sources and services. It includes integrations for Google Drive, PostgreSQL databases, Slack, Brave Search, filesystem access, and more. Built with TypeScript and leveraging the Model Context Protocol SDK, it offers a standardized way for AI models to interact with diverse external systems and data. The implementation focuses on modularity, allowing users to selectively deploy servers based on their specific needs. It enables use cases like document retrieval, database querying, web search, and inter-application communication, making it particularly useful for enhancing AI assistants with real-world data access and action capabilities."
Sentry,https://www.pulsemcp.com/servers/modelcontextprotocol-sentry,https://github.com/modelcontextprotocol/servers/tree/HEAD/src/sentry,modelcontextprotocol,servers,42864,51085,"This Sentry MCP server, developed by Anthropic, enables AI assistants to retrieve and analyze error reports from Sentry.io. It integrates with the Sentry API to provide detailed issue information including stacktraces, timestamps, and event counts. Built in Python, the implementation handles API authentication and request formatting, exposing Sentry's error tracking capabilities via a standardized MCP interface. By bridging AI models and application monitoring data, this server allows AI systems to inspect and analyze software errors, providing insights into bug patterns and potential fixes. It is particularly useful for AI assistants supporting software development teams in triaging issues, understanding error contexts, and prioritizing debugging efforts based on real-time application performance data." 
Sequential Thinking,https://www.pulsemcp.com/servers/anthropic-sequential-thinking,https://github.com/modelcontextprotocol/servers/tree/HEAD/src/sequentialthinking,modelcontextprotocol,servers,42864,520515,"This Sequential Thinking MCP server, developed by Anthropic, provides AI assistants with a structured approach to problem-solving and analysis. Built with TypeScript and leveraging the MCP SDK, it offers capabilities for breaking down complex problems into manageable steps, revising thoughts as understanding deepens, and branching into alternative reasoning paths. The server implements a dynamic thinking process that can adjust the total number of thoughts and generate solution hypotheses. By facilitating a detailed, step-by-step approach, it allows AI systems to maintain context over multiple steps and filter out irrelevant information. This implementation is particularly valuable for tasks requiring in-depth analysis, planning, or design, enabling use cases such as complex problem decomposition, iterative solution refinement, and multi-path reasoning exploration."
Slack,https://www.pulsemcp.com/servers/slack,https://github.com/modelcontextprotocol/servers/tree/HEAD/src/slack,modelcontextprotocol,servers,42864,211058,"This Slack MCP Server, developed by the Anthropic team, provides a robust interface for language models to interact with Slack workspaces. It enables AI agents to perform a wide range of Slack-specific tasks including listing channels, posting messages, replying to threads, adding reactions, retrieving channel history, and accessing user information. The implementation distinguishes itself by offering comprehensive Slack API integration, making it ideal for AI-driven workplace communication and automation. By leveraging Slack's Bot User OAuth Tokens, it ensures secure and authorized access to workspace data. This tool is particularly powerful for AI assistants designed to enhance team collaboration, automate routine communication tasks, and provide intelligent insights from Slack conversations."
SQLite,https://www.pulsemcp.com/servers/modelcontextprotocol-sqlite,https://github.com/modelcontextprotocol/servers/tree/HEAD/src/sqlite,modelcontextprotocol,servers,42864,206045,"This SQLite MCP server, developed by Anthropic, provides a versatile interface for language models to interact with SQLite databases. It enables AI agents to execute SQL queries, analyze business data, and generate insights through a controlled interface. The server features dynamic resources for aggregating discovered insights, and includes tools for database operations and schema inspection. This implementation is particularly useful for AI assistants designed to perform ad-hoc data analysis, generate business reports, or provide data-driven recommendations using SQLite as the lightweight, serverless backend."
Time,https://www.pulsemcp.com/servers/time,https://github.com/modelcontextprotocol/servers/tree/HEAD/src/time,modelcontextprotocol,servers,42864,453592,"This MCP server, developed by the Model Context Protocol team, provides time and timezone conversion capabilities for AI assistants. It offers tools to get the current time in any timezone and convert times between timezones using IANA timezone names. The server automatically detects the system timezone and supports customization. By connecting AI capabilities with accurate time information, this implementation enables AI systems to handle time-sensitive queries and perform timezone calculations. It is particularly useful for applications like scheduling across timezones, travel planning, or any scenario where an AI assistant needs to work with localized time data."
