owner,server_name
modelcontextprotocol,aws-kb-retrieval-server
modelcontextprotocol,brave-search
modelcontextprotocol,everart
modelcontextprotocol,everything
modelcontextprotocol,fetch
modelcontextprotocol,filesystem
modelcontextprotocol,git
modelcontextprotocol,github
modelcontextprotocol,gitlab
modelcontextprotocol,gdrive
modelcontextprotocol,google-maps
modelcontextprotocol,memory
modelcontextprotocol,postgres
modelcontextprotocol,puppeteer
modelcontextprotocol,redis
modelcontextprotocol,sentry
modelcontextprotocol,sequentialthinking
modelcontextprotocol,slack
modelcontextprotocol,sqlite
modelcontextprotocol,time